[{"model": "admin.logentry", "pk": 1, "fields": {"action_time": "2024-11-30T08:20:16.273Z", "user": 1, "content_type": 14, "object_id": "1", "object_repr": "ambenaini@gmail.com (Admin)", "action_flag": 2, "change_message": "[{\"changed\": {\"fields\": [\"Role\"]}}]"}}, {"model": "admin.logentry", "pk": 2, "fields": {"action_time": "2024-11-30T13:13:16.887Z", "user": 1, "content_type": 6, "object_id": "1", "object_repr": "ISIL", "action_flag": 1, "change_message": "[{\"added\": {}}]"}}, {"model": "admin.logentry", "pk": 3, "fields": {"action_time": "2024-11-30T13:13:28.471Z", "user": 1, "content_type": 7, "object_id": "1", "object_repr": "Algerie", "action_flag": 1, "change_message": "[{\"added\": {}}]"}}, {"model": "admin.logentry", "pk": 4, "fields": {"action_time": "2024-11-30T13:13:36.334Z", "user": 1, "content_type": 8, "object_id": "1", "object_repr": "handball", "action_flag": 1, "change_message": "[{\"added\": {}}]"}}, {"model": "admin.logentry", "pk": 5, "fields": {"action_time": "2024-11-30T13:13:59.365Z", "user": 1, "content_type": 12, "object_id": "1", "object_repr": "paw", "action_flag": 1, "change_message": "[{\"added\": {}}]"}}, {"model": "admin.logentry", "pk": 6, "fields": {"action_time": "2024-11-30T13:14:11.719Z", "user": 1, "content_type": 12, "object_id": "2", "object_repr": "sid", "action_flag": 1, "change_message": "[{\"added\": {}}]"}}, {"model": "admin.logentry", "pk": 7, "fields": {"action_time": "2024-11-30T13:14:25.703Z", "user": 1, "content_type": 12, "object_id": "3", "object_repr": "sad", "action_flag": 1, "change_message": "[{\"added\": {}}]"}}, {"model": "admin.logentry", "pk": 8, "fields": {"action_time": "2024-11-30T13:15:02.275Z", "user": 1, "content_type": 9, "object_id": "1", "object_repr": "a - 1", "action_flag": 1, "change_message": "[{\"added\": {}}]"}}, {"model": "admin.logentry", "pk": 9, "fields": {"action_time": "2024-11-30T13:15:27.158Z", "user": 1, "content_type": 9, "object_id": "1", "object_repr": "a - 1", "action_flag": 2, "change_message": "[]"}}, {"model": "admin.logentry", "pk": 10, "fields": {"action_time": "2024-11-30T13:15:52.459Z", "user": 1, "content_type": 13, "object_id": "1", "object_repr": "Note for a in paw: 12.0", "action_flag": 1, "change_message": "[{\"added\": {}}]"}}, {"model": "admin.logentry", "pk": 11, "fields": {"action_time": "2024-11-30T13:16:02.450Z", "user": 1, "content_type": 13, "object_id": "2", "object_repr": "Note for a in paw: 20.0", "action_flag": 1, "change_message": "[{\"added\": {}}]"}}, {"model": "admin.logentry", "pk": 12, "fields": {"action_time": "2024-11-30T13:16:21.542Z", "user": 1, "content_type": 13, "object_id": "1", "object_repr": "Note for a in paw: 12.0", "action_flag": 3, "change_message": ""}}, {"model": "admin.logentry", "pk": 13, "fields": {"action_time": "2024-11-30T13:16:29.711Z", "user": 1, "content_type": 13, "object_id": "3", "object_repr": "Note for a in sid: 12.0", "action_flag": 1, "change_message": "[{\"added\": {}}]"}}, {"model": "admin.logentry", "pk": 14, "fields": {"action_time": "2024-11-30T13:16:40.179Z", "user": 1, "content_type": 13, "object_id": "4", "object_repr": "Note for a in sad: 15.0", "action_flag": 1, "change_message": "[{\"added\": {}}]"}}, {"model": "admin.logentry", "pk": 15, "fields": {"action_time": "2024-11-30T18:14:08.374Z", "user": 1, "content_type": 8, "object_id": "2", "object_repr": "basketball", "action_flag": 1, "change_message": "[{\"added\": {}}]"}}, {"model": "admin.logentry", "pk": 16, "fields": {"action_time": "2024-12-03T20:13:40.382Z", "user": 1, "content_type": 10, "object_id": "1", "object_repr": "Djilli Liabess", "action_flag": 1, "change_message": "[{\"added\": {}}]"}}, {"model": "admin.logentry", "pk": 17, "fields": {"action_time": "2024-12-03T20:42:17.580Z", "user": 1, "content_type": 9, "object_id": "2", "object_repr": "ahlam - 2", "action_flag": 1, "change_message": "[{\"added\": {}}]"}}, {"model": "admin.logentry", "pk": 18, "fields": {"action_time": "2024-12-03T20:42:54.313Z", "user": 1, "content_type": 12, "object_id": "4", "object_repr": "system aid decison", "action_flag": 1, "change_message": "[{\"added\": {}}]"}}, {"model": "admin.logentry", "pk": 19, "fields": {"action_time": "2024-12-03T20:43:10.375Z", "user": 1, "content_type": 13, "object_id": "5", "object_repr": "Note for ahlam in system aid decison: 14.0", "action_flag": 1, "change_message": "[{\"added\": {}}]"}}, {"model": "admin.logentry", "pk": 20, "fields": {"action_time": "2024-12-03T22:37:33.417Z", "user": 1, "content_type": 6, "object_id": "2", "object_repr": "SIW", "action_flag": 2, "change_message": "[{\"changed\": {\"fields\": [\"Name\"]}}]"}}, {"model": "admin.logentry", "pk": 21, "fields": {"action_time": "2024-12-03T22:39:19.185Z", "user": 1, "content_type": 9, "object_id": "3", "object_repr": "Ilham - 3", "action_flag": 2, "change_message": "[{\"changed\": {\"fields\": [\"Nom prenom\", \"Sports\"]}}]"}}, {"model": "auth.permission", "pk": 1, "fields": {"name": "Can add log entry", "content_type": 1, "codename": "add_logentry"}}, {"model": "auth.permission", "pk": 2, "fields": {"name": "Can change log entry", "content_type": 1, "codename": "change_logentry"}}, {"model": "auth.permission", "pk": 3, "fields": {"name": "Can delete log entry", "content_type": 1, "codename": "delete_logentry"}}, {"model": "auth.permission", "pk": 4, "fields": {"name": "Can view log entry", "content_type": 1, "codename": "view_logentry"}}, {"model": "auth.permission", "pk": 5, "fields": {"name": "Can add permission", "content_type": 2, "codename": "add_permission"}}, {"model": "auth.permission", "pk": 6, "fields": {"name": "Can change permission", "content_type": 2, "codename": "change_permission"}}, {"model": "auth.permission", "pk": 7, "fields": {"name": "Can delete permission", "content_type": 2, "codename": "delete_permission"}}, {"model": "auth.permission", "pk": 8, "fields": {"name": "Can view permission", "content_type": 2, "codename": "view_permission"}}, {"model": "auth.permission", "pk": 9, "fields": {"name": "Can add group", "content_type": 3, "codename": "add_group"}}, {"model": "auth.permission", "pk": 10, "fields": {"name": "Can change group", "content_type": 3, "codename": "change_group"}}, {"model": "auth.permission", "pk": 11, "fields": {"name": "Can delete group", "content_type": 3, "codename": "delete_group"}}, {"model": "auth.permission", "pk": 12, "fields": {"name": "Can view group", "content_type": 3, "codename": "view_group"}}, {"model": "auth.permission", "pk": 13, "fields": {"name": "Can add content type", "content_type": 4, "codename": "add_contenttype"}}, {"model": "auth.permission", "pk": 14, "fields": {"name": "Can change content type", "content_type": 4, "codename": "change_contenttype"}}, {"model": "auth.permission", "pk": 15, "fields": {"name": "Can delete content type", "content_type": 4, "codename": "delete_contenttype"}}, {"model": "auth.permission", "pk": 16, "fields": {"name": "Can view content type", "content_type": 4, "codename": "view_contenttype"}}, {"model": "auth.permission", "pk": 17, "fields": {"name": "Can add session", "content_type": 5, "codename": "add_session"}}, {"model": "auth.permission", "pk": 18, "fields": {"name": "Can change session", "content_type": 5, "codename": "change_session"}}, {"model": "auth.permission", "pk": 19, "fields": {"name": "Can delete session", "content_type": 5, "codename": "delete_session"}}, {"model": "auth.permission", "pk": 20, "fields": {"name": "Can view session", "content_type": 5, "codename": "view_session"}}, {"model": "auth.permission", "pk": 21, "fields": {"name": "Can add filiere", "content_type": 6, "codename": "add_filiere"}}, {"model": "auth.permission", "pk": 22, "fields": {"name": "Can change filiere", "content_type": 6, "codename": "change_filiere"}}, {"model": "auth.permission", "pk": 23, "fields": {"name": "Can delete filiere", "content_type": 6, "codename": "delete_filiere"}}, {"model": "auth.permission", "pk": 24, "fields": {"name": "Can view filiere", "content_type": 6, "codename": "view_filiere"}}, {"model": "auth.permission", "pk": 25, "fields": {"name": "Can add nationalite", "content_type": 7, "codename": "add_nationalite"}}, {"model": "auth.permission", "pk": 26, "fields": {"name": "Can change nationalite", "content_type": 7, "codename": "change_nationalite"}}, {"model": "auth.permission", "pk": 27, "fields": {"name": "Can delete nationalite", "content_type": 7, "codename": "delete_nationalite"}}, {"model": "auth.permission", "pk": 28, "fields": {"name": "Can view nationalite", "content_type": 7, "codename": "view_nationalite"}}, {"model": "auth.permission", "pk": 29, "fields": {"name": "Can add sport", "content_type": 8, "codename": "add_sport"}}, {"model": "auth.permission", "pk": 30, "fields": {"name": "Can change sport", "content_type": 8, "codename": "change_sport"}}, {"model": "auth.permission", "pk": 31, "fields": {"name": "Can delete sport", "content_type": 8, "codename": "delete_sport"}}, {"model": "auth.permission", "pk": 32, "fields": {"name": "Can view sport", "content_type": 8, "codename": "view_sport"}}, {"model": "auth.permission", "pk": 33, "fields": {"name": "Can add student", "content_type": 9, "codename": "add_student"}}, {"model": "auth.permission", "pk": 34, "fields": {"name": "Can change student", "content_type": 9, "codename": "change_student"}}, {"model": "auth.permission", "pk": 35, "fields": {"name": "Can delete student", "content_type": 9, "codename": "delete_student"}}, {"model": "auth.permission", "pk": 36, "fields": {"name": "Can view student", "content_type": 9, "codename": "view_student"}}, {"model": "auth.permission", "pk": 37, "fields": {"name": "Can add university", "content_type": 10, "codename": "add_university"}}, {"model": "auth.permission", "pk": 38, "fields": {"name": "Can change university", "content_type": 10, "codename": "change_university"}}, {"model": "auth.permission", "pk": 39, "fields": {"name": "Can delete university", "content_type": 10, "codename": "delete_university"}}, {"model": "auth.permission", "pk": 40, "fields": {"name": "Can view university", "content_type": 10, "codename": "view_university"}}, {"model": "auth.permission", "pk": 41, "fields": {"name": "Can add teacher", "content_type": 11, "codename": "add_teacher"}}, {"model": "auth.permission", "pk": 42, "fields": {"name": "Can change teacher", "content_type": 11, "codename": "change_teacher"}}, {"model": "auth.permission", "pk": 43, "fields": {"name": "Can delete teacher", "content_type": 11, "codename": "delete_teacher"}}, {"model": "auth.permission", "pk": 44, "fields": {"name": "Can view teacher", "content_type": 11, "codename": "view_teacher"}}, {"model": "auth.permission", "pk": 45, "fields": {"name": "Can add module", "content_type": 12, "codename": "add_module"}}, {"model": "auth.permission", "pk": 46, "fields": {"name": "Can change module", "content_type": 12, "codename": "change_module"}}, {"model": "auth.permission", "pk": 47, "fields": {"name": "Can delete module", "content_type": 12, "codename": "delete_module"}}, {"model": "auth.permission", "pk": 48, "fields": {"name": "Can view module", "content_type": 12, "codename": "view_module"}}, {"model": "auth.permission", "pk": 49, "fields": {"name": "Can add note", "content_type": 13, "codename": "add_note"}}, {"model": "auth.permission", "pk": 50, "fields": {"name": "Can change note", "content_type": 13, "codename": "change_note"}}, {"model": "auth.permission", "pk": 51, "fields": {"name": "Can delete note", "content_type": 13, "codename": "delete_note"}}, {"model": "auth.permission", "pk": 52, "fields": {"name": "Can view note", "content_type": 13, "codename": "view_note"}}, {"model": "auth.permission", "pk": 53, "fields": {"name": "Can add user", "content_type": 14, "codename": "add_customuser"}}, {"model": "auth.permission", "pk": 54, "fields": {"name": "Can change user", "content_type": 14, "codename": "change_customuser"}}, {"model": "auth.permission", "pk": 55, "fields": {"name": "Can delete user", "content_type": 14, "codename": "delete_customuser"}}, {"model": "auth.permission", "pk": 56, "fields": {"name": "Can view user", "content_type": 14, "codename": "view_customuser"}}, {"model": "auth.permission", "pk": 57, "fields": {"name": "Can add Token", "content_type": 15, "codename": "add_token"}}, {"model": "auth.permission", "pk": 58, "fields": {"name": "Can change Token", "content_type": 15, "codename": "change_token"}}, {"model": "auth.permission", "pk": 59, "fields": {"name": "Can delete Token", "content_type": 15, "codename": "delete_token"}}, {"model": "auth.permission", "pk": 60, "fields": {"name": "Can view Token", "content_type": 15, "codename": "view_token"}}, {"model": "auth.permission", "pk": 61, "fields": {"name": "Can add Token", "content_type": 16, "codename": "add_tokenproxy"}}, {"model": "auth.permission", "pk": 62, "fields": {"name": "Can change Token", "content_type": 16, "codename": "change_tokenproxy"}}, {"model": "auth.permission", "pk": 63, "fields": {"name": "Can delete Token", "content_type": 16, "codename": "delete_tokenproxy"}}, {"model": "auth.permission", "pk": 64, "fields": {"name": "Can view Token", "content_type": 16, "codename": "view_tokenproxy"}}, {"model": "contenttypes.contenttype", "pk": 1, "fields": {"app_label": "admin", "model": "logentry"}}, {"model": "contenttypes.contenttype", "pk": 2, "fields": {"app_label": "auth", "model": "permission"}}, {"model": "contenttypes.contenttype", "pk": 3, "fields": {"app_label": "auth", "model": "group"}}, {"model": "contenttypes.contenttype", "pk": 4, "fields": {"app_label": "contenttypes", "model": "contenttype"}}, {"model": "contenttypes.contenttype", "pk": 5, "fields": {"app_label": "sessions", "model": "session"}}, {"model": "contenttypes.contenttype", "pk": 6, "fields": {"app_label": "student", "model": "filiere"}}, {"model": "contenttypes.contenttype", "pk": 7, "fields": {"app_label": "student", "model": "nationalite"}}, {"model": "contenttypes.contenttype", "pk": 8, "fields": {"app_label": "student", "model": "sport"}}, {"model": "contenttypes.contenttype", "pk": 9, "fields": {"app_label": "student", "model": "student"}}, {"model": "contenttypes.contenttype", "pk": 10, "fields": {"app_label": "teacher_app", "model": "university"}}, {"model": "contenttypes.contenttype", "pk": 11, "fields": {"app_label": "teacher_app", "model": "teacher"}}, {"model": "contenttypes.contenttype", "pk": 12, "fields": {"app_label": "module_app", "model": "module"}}, {"model": "contenttypes.contenttype", "pk": 13, "fields": {"app_label": "notes", "model": "note"}}, {"model": "contenttypes.contenttype", "pk": 14, "fields": {"app_label": "user", "model": "customuser"}}, {"model": "contenttypes.contenttype", "pk": 15, "fields": {"app_label": "authtoken", "model": "token"}}, {"model": "contenttypes.contenttype", "pk": 16, "fields": {"app_label": "authtoken", "model": "tokenproxy"}}, {"model": "sessions.session", "pk": "0z42wtb2ufen5xb7jd435r9hb4w0px3j", "fields": {"session_data": "eyJhcGlfc2Vzc2lvbiI6dHJ1ZX0:1tHMUI:rUz3QQY0cNYkdZTNEI9cGq-b-OowIuFZSe5Fr6vf_Fc", "expire_date": "2024-12-14T12:22:14.902Z"}}, {"model": "sessions.session", "pk": "1559t3cr50bivilf5ckd0mq99u8frkgl", "fields": {"session_data": "eyJhcGlfc2Vzc2lvbiI6dHJ1ZX0:1tHNLA:4lOVVlhuIqXXYj66xC62ytXQG9m9cLoJkTe6c4LaY_0", "expire_date": "2024-12-14T13:16:52.360Z"}}, {"model": "sessions.session", "pk": "17a2l9v615o9y295se55hdm9dep3jokd", "fields": {"session_data": "eyJhcGlfc2Vzc2lvbiI6dHJ1ZX0:1tHOyv:2gB2BTwbgv71KcuixwfJ5-y4kXi82TfF10TJFyG1a-U", "expire_date": "2024-12-14T15:02:01.767Z"}}, {"model": "sessions.session", "pk": "2mkn0daspei09jp0nk7ley8yztmdo1iy", "fields": {"session_data": "eyJhcGlfc2Vzc2lvbiI6dHJ1ZX0:1tHMVe:LxL4IWekFWtr3ry3QgpjYSfDWf9AKd6O8W-1apE-sKI", "expire_date": "2024-12-14T12:23:38.947Z"}}, {"model": "sessions.session", "pk": "37068loy4mdmfnfqkv22htrd1zvf9x61", "fields": {"session_data": "eyJhcGlfc2Vzc2lvbiI6dHJ1ZX0:1tHNOU:XfbGUsXWg9kCKKhWJVxbTdsjbSzk78Dy4catBF22cfA", "expire_date": "2024-12-14T13:20:18.086Z"}}, {"model": "sessions.session", "pk": "3nbz99eh726vc5ylvtb12821hnz0ken1", "fields": {"session_data": "eyJhcGlfc2Vzc2lvbiI6dHJ1ZX0:1tHRQI:HAoT1a6t0X0i93HXxDyFItPKOW45qZM69rU5qQYydng", "expire_date": "2024-12-14T17:38:26.043Z"}}, {"model": "sessions.session", "pk": "3omv890knyzhbo1uo3zjn9x7eg9iiycu", "fields": {"session_data": ".eJxVjEEOgyAQRe8y64Y4IAouu-8ZyABjpW3AiK6a3r2auHH73vv_CzQnV7nWVDIM67LxDRxt6-S2yotLEQZAuDBP4c35EPFF-VlEKHldkhdHIk5bxaNE_tzP9nIwUZ32NaPuW4to-6bBUVlPegejV8YgdoikSVJnfJCGOHjbSdK2lRGVNcpGBb8_q3I9uQ:1tHRMk:z01KTE_XpvK_1hs2gkZ9rptPq_swULdYXvRGCpt-YAM", "expire_date": "2024-12-14T17:34:46.927Z"}}, {"model": "sessions.session", "pk": "3t7liqp7cbnlo4mdh8hzle4pg8e2o4p5", "fields": {"session_data": "eyJhcGlfc2Vzc2lvbiI6dHJ1ZX0:1tHMU5:bQoOErLvfw6YrcfgskH5FSIPF0EqAe9eAS3h95ojPl8", "expire_date": "2024-12-14T12:22:01.666Z"}}, {"model": "sessions.session", "pk": "4081ux8tqyzqqqpevsyeyb4zkwrbdo0a", "fields": {"session_data": ".eJxVjEEOwiAQRe_C2pAOFMq4dN8zkBmgUjWQlHZlvLtt0oVu33v_v4Wnbc1-a2nxcxRXAeLyy5jCM5VDxAeVe5WhlnWZWR6JPG2TY43pdTvbv4NMLe_rBGboEQCHroNJI5PZwcTaOQALQIYUWcdBOUqB0Soy2KsIGp3GqMXnC7CINrI:1tHRX5:xDzs_KR4UrnbgqCJcrAvXGcbN6Wj2IginYAU1v72G9E", "expire_date": "2024-12-14T17:45:27.107Z"}}, {"model": "sessions.session", "pk": "4ibw7a5xpxjzi6zzaml97zim20wqqqkp", "fields": {"session_data": "eyJhcGlfc2Vzc2lvbiI6dHJ1ZX0:1tHMU5:bQoOErLvfw6YrcfgskH5FSIPF0EqAe9eAS3h95ojPl8", "expire_date": "2024-12-14T12:22:01.674Z"}}, {"model": "sessions.session", "pk": "5edbxjoiqzix9s6io4a4d1f7ohrojrm4", "fields": {"session_data": ".eJxVjEEOwiAQRe_C2pAOFMq4dN8zkBmgUjWQlHZlvLtt0oVu33v_v4Wnbc1-a2nxcxRXAeLyy5jCM5VDxAeVe5WhlnWZWR6JPG2TY43pdTvbv4NMLe_rBGboEQCHroNJI5PZwcTaOQALQIYUWcdBOUqB0Soy2KsIGp3GqMXnC7CINrI:1tHRun:9WWD6lMEm2YQrIXa5GtKuhTsPaSthSP7qyLdPVCv0PE", "expire_date": "2024-12-14T18:09:57.369Z"}}, {"model": "sessions.session", "pk": "5hd08o6k95ht3qrrk1pqdbqpygg3bgq9", "fields": {"session_data": "eyJhcGlfc2Vzc2lvbiI6dHJ1ZX0:1tHMUI:rUz3QQY0cNYkdZTNEI9cGq-b-OowIuFZSe5Fr6vf_Fc", "expire_date": "2024-12-14T12:22:14.866Z"}}, {"model": "sessions.session", "pk": "5sm8osgs9ecngu8zqvocrhqmv2318n14", "fields": {"session_data": "eyJhcGlfc2Vzc2lvbiI6dHJ1ZX0:1tHIos:ANV81mqbIsFfUqSA1Me4sgvIy0PzFycq3IikxwEJ33c", "expire_date": "2024-12-14T08:27:14.299Z"}}, {"model": "sessions.session", "pk": "5zhropsgptfbxvn8zbi4hd0t1labbqqk", "fields": {"session_data": "eyJhcGlfc2Vzc2lvbiI6dHJ1ZX0:1tHNXp:r879mc8i-8qa0tqHlqsy5f5CqyXHQ1DstnQ4XmfE1AA", "expire_date": "2024-12-14T13:29:57.784Z"}}, {"model": "sessions.session", "pk": "61mwa61sap4a5lypgbocdh2o2of47ic2", "fields": {"session_data": "eyJhcGlfc2Vzc2lvbiI6dHJ1ZX0:1tHNLS:RvXdno5vOvTA9tsRR76oAN3UUAoIi5jXecP0tJogpUk", "expire_date": "2024-12-14T13:17:10.578Z"}}, {"model": "sessions.session", "pk": "66nr6ll749wx315nskoeovhm9oi4g927", "fields": {"session_data": ".eJxVjL0OgjAURt-lsyFcWqB10xg1MWxqZCK3PwhKqNISBuO7WxIW1_Od830IvtrKGeda25O1H0azIpVyQ-3t0wRCpmI670Rxma64GcvbnjFtT1i_u8NReVYaEnwcfVONzgxVq0MC_0yiClfzoB_Y322kbO-HVkazEi2riwqrTbdd3L-DBl0TagNpzgSAyOMYaiokpgHUknIOkAFgiglmXKqEo1FSZAmmgiUaqOBUaEq-P2SdTeA:1tHP2M:UT6noPQmchDqFEgzCBgohJGu1AN6dngnBtygwGAQ_-Y", "expire_date": "2024-12-14T15:05:34.339Z"}}, {"model": "sessions.session", "pk": "676o7jp9kmf6aa8hsdswzuuyoo622s6h", "fields": {"session_data": "eyJhcGlfc2Vzc2lvbiI6dHJ1ZX0:1tHMYo:G4HPb0RoVuu75LXsXzd1BfuE9MEcTJ4DwXSDp_Mnxtc", "expire_date": "2024-12-14T12:26:54.000Z"}}, {"model": "sessions.session", "pk": "6c2wt2ruvlqzcsziwhcmrqgx1ozk390m", "fields": {"session_data": "eyJhcGlfc2Vzc2lvbiI6dHJ1ZX0:1tHNdw:tlK_YGo9OlkJXzXORoVbDkLacHS6pqspgaQL5AsOu4o", "expire_date": "2024-12-14T13:36:16.428Z"}}, {"model": "sessions.session", "pk": "6f5dotp4t1u6d8qdllpkrxltin4dp3t8", "fields": {"session_data": "eyJhcGlfc2Vzc2lvbiI6dHJ1ZX0:1tHQzk:5GW_ajZ3fQWFsVY8hAAA8g5_EfAc1DG8wRp7Pb6rMM0", "expire_date": "2024-12-14T17:11:00.862Z"}}, {"model": "sessions.session", "pk": "6npla9gm2xzr68xvvy0jocqlid1ey6kn", "fields": {"session_data": "eyJhcGlfc2Vzc2lvbiI6dHJ1ZX0:1tHIos:ANV81mqbIsFfUqSA1Me4sgvIy0PzFycq3IikxwEJ33c", "expire_date": "2024-12-14T08:27:14.331Z"}}, {"model": "sessions.session", "pk": "76mxfbnialb6opsjjxs511zw7n4w5c57", "fields": {"session_data": "eyJhcGlfc2Vzc2lvbiI6dHJ1ZX0:1tHJUu:9xiq4-06ZVXNjw7LiHzzfzC0ZYHPSkzje6_m2VwjBtQ", "expire_date": "2024-12-14T09:10:40.407Z"}}, {"model": "sessions.session", "pk": "77gwzb5tu9xh1bzzr5lat609f7mqepgq", "fields": {"session_data": "eyJhcGlfc2Vzc2lvbiI6dHJ1ZX0:1tHQEK:OImw74u96CAm6KfESxne9JehC_SgdeV7E1A_ygAjndI", "expire_date": "2024-12-14T16:22:00.654Z"}}, {"model": "sessions.session", "pk": "7tm3t1odwcjvsv65edfoez81pch80y4o", "fields": {"session_data": "eyJhcGlfc2Vzc2lvbiI6dHJ1ZX0:1tHNXu:LLrz0EgSM1W1SLrXpcgtsbCbgc-CW4bGKqFzY6GK0Ac", "expire_date": "2024-12-14T13:30:02.156Z"}}, {"model": "sessions.session", "pk": "7y8oxehuekaurcp1lvdof7ld73uy7qd8", "fields": {"session_data": "eyJhcGlfc2Vzc2lvbiI6dHJ1ZX0:1tHNWQ:7BENFzdQbUF_5owWDRNOItYXd28tqyLOk3Uf3YJODs0", "expire_date": "2024-12-14T13:28:30.431Z"}}, {"model": "sessions.session", "pk": "87dzk4wor6qyglq5nakmtybva3y2smws", "fields": {"session_data": "eyJhcGlfc2Vzc2lvbiI6dHJ1ZX0:1tHQ1N:ipssNEJtyRcPCUGvopFc_iDtxc6ZMS1_L8MnR0NN-RQ", "expire_date": "2024-12-14T16:08:37.432Z"}}, {"model": "sessions.session", "pk": "93a1gkuyhfuw07j0xw1vniw35z9xpz8l", "fields": {"session_data": "eyJhcGlfc2Vzc2lvbiI6dHJ1ZX0:1tHPyB:I6zKPw0kLfloGEkDjwH-59CIFLBKB8ty5RH2KO8OoTc", "expire_date": "2024-12-14T16:05:19.095Z"}}, {"model": "sessions.session", "pk": "9oaaw3uaksnjs1ojdlt76d63z5bmwhfy", "fields": {"session_data": "eyJhcGlfc2Vzc2lvbiI6dHJ1ZX0:1tHJVy:M6DBo6jJLXsE8xqfX2V6tDOeSc3FLQ-m3_SELDblNRE", "expire_date": "2024-12-14T09:11:46.259Z"}}, {"model": "sessions.session", "pk": "a0ivevqrdzdryb5mmyryfgu3l88c88jk", "fields": {"session_data": ".eJxVjEEOgyAQRe8y64Y4IAouu-8ZyABjpW3AiK6a3r2auHH73vv_CzQnV7nWVDIM67LxDRxt6-S2yotLEQZAuDBP4c35EPFF-VlEKHldkhdHIk5bxaNE_tzP9nIwUZ32NaPuW4to-6bBUVlPegejV8YgdoikSVJnfJCGOHjbSdK2lRGVNcpGBb8_q3I9uQ:1tHIkb:-F6OdYwVEHp6UUf_sx7mZIjO4rkJIhzFTBhvLXXI9BU", "expire_date": "2024-12-14T08:22:49.324Z"}}, {"model": "sessions.session", "pk": "a61sm0jvw9npk7iaem3g2n74ud5o5jeh", "fields": {"session_data": "eyJhcGlfc2Vzc2lvbiI6dHJ1ZX0:1tHNcx:98jV0pkXtjqS17t640MT5ia82vEArL4JLSlvEIx872k", "expire_date": "2024-12-14T13:35:15.289Z"}}, {"model": "sessions.session", "pk": "ae4ken9d9mdj631k5io4lwicj2lva0h8", "fields": {"session_data": "eyJhcGlfc2Vzc2lvbiI6dHJ1ZX0:1tHQxr:DjuQZ2NNWm4alWykLLpSXyQCO0rR-ZKOEH3Fs1fvMlQ", "expire_date": "2024-12-14T17:09:03.909Z"}}, {"model": "sessions.session", "pk": "amnyzfpbbmoeb0dl8l6p8kez3x11ziup", "fields": {"session_data": "eyJhcGlfc2Vzc2lvbiI6dHJ1ZX0:1tHQ9G:7dqHyPzeTPEM4J9AINLV6tRdhf2L4Hz-35x7MCVt6wo", "expire_date": "2024-12-14T16:16:46.760Z"}}, {"model": "sessions.session", "pk": "b6cgbk8edmnuc022dl56r7xqckgnlp1r", "fields": {"session_data": "eyJhcGlfc2Vzc2lvbiI6dHJ1ZX0:1tHJVX:hD4y1wRiKNUIEkWTQ8KoAGuSaOkim_F7mCM7GVOvTvw", "expire_date": "2024-12-14T09:11:19.860Z"}}, {"model": "sessions.session", "pk": "b6e6cm2fsovgj7i9ecjvoi2hvzko1kki", "fields": {"session_data": "eyJhcGlfc2Vzc2lvbiI6dHJ1ZX0:1tHQEc:PdhhSwGdHc4jPjpdLDMSCJZ99TiLFPevDAHYydgEleE", "expire_date": "2024-12-14T16:22:18.482Z"}}, {"model": "sessions.session", "pk": "bb8abf9zuuje8aqm16y79d49mjmj41mh", "fields": {"session_data": "eyJhcGlfc2Vzc2lvbiI6dHJ1ZX0:1tHNLh:JuruTfyI-wWcNELM6fx7OuGjj_2IDVlMRtZGZizfWbE", "expire_date": "2024-12-14T13:17:25.224Z"}}, {"model": "sessions.session", "pk": "bjzzwfdcsa8gk4t4hhn1jwyqkodwardc", "fields": {"session_data": "eyJhcGlfc2Vzc2lvbiI6dHJ1ZX0:1tHP3U:C2d9TgrrXW-P3s3c2CfqXVz_V2z4om3S4OJhPp6bapQ", "expire_date": "2024-12-14T15:06:44.256Z"}}, {"model": "sessions.session", "pk": "c2e49e93bfx93586dby4n73mnqj4wu5w", "fields": {"session_data": "eyJhcGlfc2Vzc2lvbiI6dHJ1ZX0:1tHRQF:xI1qM6a-p7kbOcNXtFIoKJ3PaOzcSrUsqQ2LdyDoj0o", "expire_date": "2024-12-14T17:38:23.888Z"}}, {"model": "sessions.session", "pk": "cp1s0c9ysal3n9l74e26mql6nqg94so8", "fields": {"session_data": "eyJhcGlfc2Vzc2lvbiI6dHJ1ZX0:1tHJbB:UgTafca3JB45KD9lI1PoBZZh6lNhDvZtd9Yz2t8JQG4", "expire_date": "2024-12-14T09:17:09.174Z"}}, {"model": "sessions.session", "pk": "cs1lerdiqj9svz66n4gj1skly5nmnbmr", "fields": {"session_data": ".eJxVjEEOgyAQRe8y64Y4IAouu-8ZyABjpW3AiK6a3r2auHH73vv_CzQnV7nWVDIM67LxDRxt6-S2yotLEQZAuDBP4c35EPFF-VlEKHldkhdHIk5bxaNE_tzP9nIwUZ32NaPuW4to-6bBUVlPegejV8YgdoikSVJnfJCGOHjbSdK2lRGVNcpGBb8_q3I9uQ:1tHR3f:Rjsz1zhjinx1SBLNilS3cply3rhmcnGXyXAcpUrTjf0", "expire_date": "2024-12-14T17:15:03.227Z"}}, {"model": "sessions.session", "pk": "d1ujjgwsuzhwm51r06quxawwkk8x9ew5", "fields": {"session_data": "eyJhcGlfc2Vzc2lvbiI6dHJ1ZX0:1tHNeE:1mEF35wsZkRmJLGE_DcAkuELFxYJYfCi35r62w8I1uc", "expire_date": "2024-12-14T13:36:34.577Z"}}, {"model": "sessions.session", "pk": "d7c42kbjhyefdgus27zg3pg8z1xs87kz", "fields": {"session_data": ".eJxVjDsOgzAQBe_iOrLWgFlMmT5nsNafDU4iG2Gootw9IFEk7Zt58xaWtnWyW42LTUGMwojL7-bIP2M-QHhQvhfpS16X5OShyJNWeSshvq6n-xeYqE77G3XsQXeI2gBgP1AzeEZ2ioJGYEMdMsWmAx0UmoGJCVpSTnkg0zLvUZqTrbHWVLIY12WLny8y5T7j:1tHMgm:Pqf6Ez8b6TFy6jinHCt_SucszJ79R8XPy2kTY0EGIVc", "expire_date": "2024-12-14T12:35:08.722Z"}}, {"model": "sessions.session", "pk": "da8pbp64gzdo38yaz36a826jfe054kte", "fields": {"session_data": ".eJxVjEEOwiAQRe_C2pCCpZ126d4zkGFmYlEDBtqV8e7SpAvdvvf-fyuP27r4rUrxkdWsrDr9soD0kLQLvmO6ZU05rSUGvSf6sFVfM8vzcrR_BwvWpa0Nsx2DkB1dP0AgGZ21DUpvYHJn1xEZBrCELRtwsJ0D6iYDwoAEpp3iK_oqtcac1LyWTT5fQfs-pw:1tHMIe:YSpVNM_w16xNlsfVMDm0FInIxv56n2RWI5266TPe9L8", "expire_date": "2024-12-14T12:10:12.469Z"}}, {"model": "sessions.session", "pk": "e31e3ud4zfqsqmcpni6ewfodbhwsrp2b", "fields": {"session_data": "eyJhcGlfc2Vzc2lvbiI6dHJ1ZX0:1tHMVe:LxL4IWekFWtr3ry3QgpjYSfDWf9AKd6O8W-1apE-sKI", "expire_date": "2024-12-14T12:23:38.928Z"}}, {"model": "sessions.session", "pk": "e3n6ztzycpwp8su2uvbn0rkoioj80ak7", "fields": {"session_data": "eyJhcGlfc2Vzc2lvbiI6dHJ1ZX0:1tHNND:sicYQ6ScLyLLh-E8IjXYpmfyH9ZxHdM2wbBpZjJ06XM", "expire_date": "2024-12-14T13:18:59.173Z"}}, {"model": "sessions.session", "pk": "ehztydm94wk4kvwtgzrwxslyuhnq15p0", "fields": {"session_data": "eyJhcGlfc2Vzc2lvbiI6dHJ1ZX0:1tHQ2J:UP-DzMMNr5lGO2pEOsNHtN48RhD8vsGsy8Acj3fyupI", "expire_date": "2024-12-14T16:09:35.173Z"}}, {"model": "sessions.session", "pk": "ek5zm69xeqpmgpj72oom6aesgmi0qf81", "fields": {"session_data": "eyJhcGlfc2Vzc2lvbiI6dHJ1ZX0:1tHMUy:wi6HKJYKyGiC7vv4p38BkGFU0XNgyyChy3TdTCmDcKQ", "expire_date": "2024-12-14T12:22:56.885Z"}}, {"model": "sessions.session", "pk": "ewa9lsarbtcyec89i0l2a3ubeu6urdci", "fields": {"session_data": "eyJhcGlfc2Vzc2lvbiI6dHJ1ZX0:1tHIos:ANV81mqbIsFfUqSA1Me4sgvIy0PzFycq3IikxwEJ33c", "expire_date": "2024-12-14T08:27:14.316Z"}}, {"model": "sessions.session", "pk": "ewtw80tz99h6z1uub3dpqth15ihipc8n", "fields": {"session_data": ".eJxVjEEOgyAQRe_CuiEOiDIuu-8ZyABjpW3AiK6a3r2auGi3773_38LRtk5uq7y4FMUgQFx-mafw5HyI-KB8LzKUvC7JyyORp63yViK_rmf7dzBRnfY1g-lbBMC-aWDU6MnsYPTaWoAOgAwp6qwPyhIHj50ig62KoNFqjHo_pTm5yrWmksWwLht_vgDLPbk:1tHNPr:cW2DfF0hsjC7Wf4Or56usk90Il2Fdcp3Z3sm2FlNDn8", "expire_date": "2024-12-14T13:21:43.265Z"}}, {"model": "sessions.session", "pk": "f9m4b8m1jifv36p0kz2w8hui6smhsh02", "fields": {"session_data": ".eJxVjEEOwiAQRe_C2pAOFMq4dN8zkBmgUjWQlHZlvLtt0oVu33v_v4Wnbc1-a2nxcxRXAeLyy5jCM5VDxAeVe5WhlnWZWR6JPG2TY43pdTvbv4NMLe_rBGboEQCHroNJI5PZwcTaOQALQIYUWcdBOUqB0Soy2KsIGp3GqMXnC7CINrI:1tIXHA:1EePOD9SNipiXxN9PXwWAc2d-9OcMI9lxJnzZXgqAu0", "expire_date": "2024-12-17T18:05:32.995Z"}}, {"model": "sessions.session", "pk": "gh17k4ov0uq87et73gx05y70cdtx123k", "fields": {"session_data": "eyJhcGlfc2Vzc2lvbiI6dHJ1ZX0:1tHNOZ:WdsIcUip6kmghAiTXY6sMJIWkjzFalW0fE2Wtz144vQ", "expire_date": "2024-12-14T13:20:23.324Z"}}, {"model": "sessions.session", "pk": "gluffo6xnzbf8opbao8x6mg2kfy6cv55", "fields": {"session_data": "eyJhcGlfc2Vzc2lvbiI6dHJ1ZX0:1tHJVX:hD4y1wRiKNUIEkWTQ8KoAGuSaOkim_F7mCM7GVOvTvw", "expire_date": "2024-12-14T09:11:19.879Z"}}, {"model": "sessions.session", "pk": "gq0f6kpiu939c1msz0iiugtgrgpdm4q8", "fields": {"session_data": "eyJhcGlfc2Vzc2lvbiI6dHJ1ZX0:1tHNY9:iacEWsJej2Rpw4iYWdotWBsoSeUM8q0fZTkCstfPPjQ", "expire_date": "2024-12-14T13:30:17.848Z"}}, {"model": "sessions.session", "pk": "gxuddb4waaf23iyj3e8y1p4zomisy4ld", "fields": {"session_data": "eyJhcGlfc2Vzc2lvbiI6dHJ1ZX0:1tHMU5:bQoOErLvfw6YrcfgskH5FSIPF0EqAe9eAS3h95ojPl8", "expire_date": "2024-12-14T12:22:01.629Z"}}, {"model": "sessions.session", "pk": "hk6v6g6g4k8gt6j0qmh45ca6am57y02h", "fields": {"session_data": ".eJxVjEEOwiAQRe_C2pAOFMq4dN8zkBmgUjWQlHZlvLtt0oVu33v_v4Wnbc1-a2nxcxRXAeLyy5jCM5VDxAeVe5WhlnWZWR6JPG2TY43pdTvbv4NMLe_rBGboEQCHroNJI5PZwcTaOQALQIYUWcdBOUqB0Soy2KsIGp3GqMXnC7CINrI:1tHRYc:15H-ghyM3VKQ4ONnjfePR-RxjgEWISuOoWwNniPxPeE", "expire_date": "2024-12-14T17:47:02.444Z"}}, {"model": "sessions.session", "pk": "i0i08yaghw2wd8gknnj4kr312ak81xov", "fields": {"session_data": "eyJhcGlfc2Vzc2lvbiI6dHJ1ZX0:1tHQ2q:lpTbDpt1B83BppJbS7L1C5eZIHxcnBmYidlDcyo3DLw", "expire_date": "2024-12-14T16:10:08.619Z"}}, {"model": "sessions.session", "pk": "i5laol8qtfxm5qgus5dsihhvmskiv5i0", "fields": {"session_data": "eyJhcGlfc2Vzc2lvbiI6dHJ1ZX0:1tHQzA:jS1h9UBnKuIUSpdxBbltZ_ik_2KmZpqFSiQDJTtpYxo", "expire_date": "2024-12-14T17:10:24.577Z"}}, {"model": "sessions.session", "pk": "i6k8b3279mdpjhbmx8kvhl14rm5bhjwr", "fields": {"session_data": ".eJxVjEEOwiAQRe_C2pAOFMq4dN8zkBmgUjWQlHZlvLtt0oVu33v_v4Wnbc1-a2nxcxRXAeLyy5jCM5VDxAeVe5WhlnWZWR6JPG2TY43pdTvbv4NMLe_rBGboEQCHroNJI5PZwcTaOQALQIYUWcdBOUqB0Soy2KsIGp3GqMXnC7CINrI:1tIbJZ:K482740YQrYaQv0cvZTFtqB1sXaNPtYHuAqpBt9buuU", "expire_date": "2024-12-17T22:24:17.304Z"}}, {"model": "sessions.session", "pk": "iee9xsn4hzalpp56lwojkl56lsz1es9h", "fields": {"session_data": "eyJhcGlfc2Vzc2lvbiI6dHJ1ZX0:1tHRQF:xI1qM6a-p7kbOcNXtFIoKJ3PaOzcSrUsqQ2LdyDoj0o", "expire_date": "2024-12-14T17:38:23.919Z"}}, {"model": "sessions.session", "pk": "ijam0mn9p4sltkvjesrl06c74dbqij4j", "fields": {"session_data": ".eJxVjEEOwiAQRe_C2pAOFMq4dN8zkBmgUjWQlHZlvLtt0oVu33v_v4Wnbc1-a2nxcxRXAeLyy5jCM5VDxAeVe5WhlnWZWR6JPG2TY43pdTvbv4NMLe_rBGboEQCHroNJI5PZwcTaOQALQIYUWcdBOUqB0Soy2KsIGp3GqMXnC7CINrI:1tHRXa:jmX7ik_ol-XSsjrzR9ZaSadxVZ04fTQigbKNf7tw7H4", "expire_date": "2024-12-14T17:45:58.364Z"}}, {"model": "sessions.session", "pk": "ik5x3q8d2foqydvyi0d8kc109afb0ckg", "fields": {"session_data": "eyJhcGlfc2Vzc2lvbiI6dHJ1ZX0:1tHQy1:_C-6fDv4IL1eW53aaBPUr7pSgpCtaAGXIsDIHlUU9Jc", "expire_date": "2024-12-14T17:09:13.852Z"}}, {"model": "sessions.session", "pk": "ikswnhlegi6afkzuvbclkfhbg9rs443y", "fields": {"session_data": "eyJhcGlfc2Vzc2lvbiI6dHJ1ZX0:1tHQzA:jS1h9UBnKuIUSpdxBbltZ_ik_2KmZpqFSiQDJTtpYxo", "expire_date": "2024-12-14T17:10:24.561Z"}}, {"model": "sessions.session", "pk": "iv2qou1jym3ascc1emr5j638f6uzabap", "fields": {"session_data": ".eJxVjEEOwiAQRe_C2pAOFMq4dN8zkBmgUjWQlHZlvLtt0oVu33v_v4Wnbc1-a2nxcxRXAeLyy5jCM5VDxAeVe5WhlnWZWR6JPG2TY43pdTvbv4NMLe_rBGboEQCHroNJI5PZwcTaOQALQIYUWcdBOUqB0Soy2KsIGp3GqMXnC7CINrI:1tHRyM:n2Q5yaiXgURdHn3SiOb7nCWlzfw0wKdl9YqBKYkyDFc", "expire_date": "2024-12-14T18:13:38.158Z"}}, {"model": "sessions.session", "pk": "j8kn48w32tkk7b8dy1yb9ozvt0t7j0h3", "fields": {"session_data": ".eJxVjEEOwiAQRe_C2pAOFMq4dN8zkBmgUjWQlHZlvLtt0oVu33v_v4Wnbc1-a2nxcxRXAeLyy5jCM5VDxAeVe5WhlnWZWR6JPG2TY43pdTvbv4NMLe_rBGboEQCHroNJI5PZwcTaOQALQIYUWcdBOUqB0Soy2KsIGp3GqMXnC7CINrI:1tIBvr:8Qmw4VOtnZz4aJdRTGrc8fgxkjH124N0xQH3p-LqgS4", "expire_date": "2024-12-16T19:18:07.647Z"}}, {"model": "sessions.session", "pk": "jc0sz7sg3umvcbl5a9nck25ng3g1sthk", "fields": {"session_data": "eyJhcGlfc2Vzc2lvbiI6dHJ1ZX0:1tHOzZ:rmITu5Nq5aPHbnBUdCqnMB4iRgbI9-j37Ti4CLFbmRI", "expire_date": "2024-12-14T15:02:41.547Z"}}, {"model": "sessions.session", "pk": "jcckuxh9ze2pyyukru8bvq8hbyt9hynl", "fields": {"session_data": ".eJxVjEEOwiAQRe_C2pAOFMq4dN8zkBmgUjWQlHZlvLtt0oVu33v_v4Wnbc1-a2nxcxRXAeLyy5jCM5VDxAeVe5WhlnWZWR6JPG2TY43pdTvbv4NMLe_rBGboEQCHroNJI5PZwcTaOQALQIYUWcdBOUqB0Soy2KsIGp3GqMXnC7CINrI:1tHM6A:OSQQTtB1hBl06tH1_oiKhXaAHmyKZDCtzNvmYT_E_kw", "expire_date": "2024-12-14T11:57:18.913Z"}}, {"model": "sessions.session", "pk": "jkahtn14yx5ug88nhl3mbaduk26ay4hw", "fields": {"session_data": "eyJhcGlfc2Vzc2lvbiI6dHJ1ZX0:1tHJVX:hD4y1wRiKNUIEkWTQ8KoAGuSaOkim_F7mCM7GVOvTvw", "expire_date": "2024-12-14T09:11:19.899Z"}}, {"model": "sessions.session", "pk": "jlxnwzafe66wlkbdsi4yg5va43gusq99", "fields": {"session_data": "eyJhcGlfc2Vzc2lvbiI6dHJ1ZX0:1tHPrx:5V1rC4mg7zhKr_ZYWPHlYU_6Vt72UFBybPPLlUn7dqw", "expire_date": "2024-12-14T15:58:53.078Z"}}, {"model": "sessions.session", "pk": "k356ftl6psgsaqxmiuegsdz1zx3n4dpn", "fields": {"session_data": "eyJhcGlfc2Vzc2lvbiI6dHJ1ZX0:1tHNNv:wYwlLXfctFHgZc3C1sf-bQcseHKNZcP9gFLY3NC3-3U", "expire_date": "2024-12-14T13:19:43.991Z"}}, {"model": "sessions.session", "pk": "ka00pl37ppv858r3m06agtomkhr0a760", "fields": {"session_data": ".eJxVjDsOgzAQBe_iOrLWgFlMmT5nsNafDU4iG2Gootw9IFEk7Zt58xaWtnWyW42LTUGMwojL7-bIP2M-QHhQvhfpS16X5OShyJNWeSshvq6n-xeYqE77G3XsQXeI2gBgP1AzeEZ2ioJGYEMdMsWmAx0UmoGJCVpSTnkg0zLvUZqTrbHWVLIY12WLny8y5T7j:1tHQSf:tHMt3TTsaLluhJeIT9SzcbC86vNPGRnZ2yBP1Ko10HA", "expire_date": "2024-12-14T16:36:49.913Z"}}, {"model": "sessions.session", "pk": "kjiel3adh625gk5n3tx6ib1p6ene701q", "fields": {"session_data": "eyJhcGlfc2Vzc2lvbiI6dHJ1ZX0:1tHNNA:7meHflkMtf_5IjrJLaWUnWsp_q36nLPFV40sW5lq8S0", "expire_date": "2024-12-14T13:18:56.478Z"}}, {"model": "sessions.session", "pk": "kv2wfy1pzbj8tx6xadde6s9vir4dcbep", "fields": {"session_data": "eyJhcGlfc2Vzc2lvbiI6dHJ1ZX0:1tHRQF:xI1qM6a-p7kbOcNXtFIoKJ3PaOzcSrUsqQ2LdyDoj0o", "expire_date": "2024-12-14T17:38:23.894Z"}}, {"model": "sessions.session", "pk": "kwrbpn3qlioxqrsdauhzz5pqysuy3pr3", "fields": {"session_data": ".eJxVjEEOwiAQRe_C2pAOFMq4dN8zkBmgUjWQlHZlvLtt0oVu33v_v4Wnbc1-a2nxcxRXAeLyy5jCM5VDxAeVe5WhlnWZWR6JPG2TY43pdTvbv4NMLe_rBGboEQCHroNJI5PZwcTaOQALQIYUWcdBOUqB0Soy2KsIGp3GqMXnC7CINrI:1tIbFB:m6W4lAkKqjgX3dwwtOJVk1t4ARhdCtz_wRvnpoY50qU", "expire_date": "2024-12-17T22:19:45.173Z"}}, {"model": "sessions.session", "pk": "lodm5q7c6mqj5zomszji6thmpwylubab", "fields": {"session_data": "eyJhcGlfc2Vzc2lvbiI6dHJ1ZX0:1tHNMl:0novzkEWU4curm-1t9IA6eANiAeHigI_ngwXHd463Qk", "expire_date": "2024-12-14T13:18:31.283Z"}}, {"model": "sessions.session", "pk": "mg5f16bms1t3hm9pghikmqfii3lqvsn0", "fields": {"session_data": "eyJhcGlfc2Vzc2lvbiI6dHJ1ZSwiX2NzcmZ0b2tlbiI6IlVTbjFxS1pGV25QZnhrdURTYnhSWGNydUszZkJyb3Z6In0:1tHPQz:-Mcq6oIFPtCs7HWHkUiOWkow3xssfFIE_0e3eY-X8Hc", "expire_date": "2024-12-14T15:31:01.391Z"}}, {"model": "sessions.session", "pk": "mu6uueep3tnv3c73ojnavqm8gpxvl3m3", "fields": {"session_data": "eyJhcGlfc2Vzc2lvbiI6dHJ1ZX0:1tHMVe:LxL4IWekFWtr3ry3QgpjYSfDWf9AKd6O8W-1apE-sKI", "expire_date": "2024-12-14T12:23:38.967Z"}}, {"model": "sessions.session", "pk": "n6bppd9pmnd15pk8gqswlfh4d392c4ey", "fields": {"session_data": "eyJhcGlfc2Vzc2lvbiI6dHJ1ZX0:1tHNdr:F1jNxGzc4JrmYY4yuqFa5mmWsiwtQM1FmZaF7z8MlLo", "expire_date": "2024-12-14T13:36:11.059Z"}}, {"model": "sessions.session", "pk": "n76cqkuh2l1s2ngdd67zt0408j4hi34j", "fields": {"session_data": ".eJxVjcsOgjAURP-la0O4La2tSx9LjRsSd-T2gRRMa1qIJMZ_FxI3bufMnHkTfPomu5x9DGQ3psltSIPT2DVTdqnxluwIkL9MoxlcWIHtMdxjYWIYk9fFWil-NBfnaN1j_-v-CTrM3bJ2wLeVAlDbsoSWKY18CVrNpAQQAMiRopDaUInOaCUoclVRC0xJpixbpSandozLxeKL_ekOc1lzkYeDv0xzGI7XXsAxvR43Wgvy-QLEDU2k:1tHOym:NuPqTtExT3ID67WetahrUSh4LbsbvclTccw-G4H87-E", "expire_date": "2024-12-14T15:01:52.752Z"}}, {"model": "sessions.session", "pk": "nf80t5doc9f1cw180euy1jyjoefjya4z", "fields": {"session_data": "eyJhcGlfc2Vzc2lvbiI6dHJ1ZX0:1tHNYn:CUEHVhmRwGW4Pq0E6ucKy7KuVHRNigSrwPE_xJtVsTQ", "expire_date": "2024-12-14T13:30:57.483Z"}}, {"model": "sessions.session", "pk": "nihsuinh8ea9ehuw3o4zz8nmxs1l3vq9", "fields": {"session_data": "eyJhcGlfc2Vzc2lvbiI6dHJ1ZX0:1tHQ2m:Hw6ZjVWx_F_AOJxiXfarDZPrYvgLj5XMoNV0gDz46zU", "expire_date": "2024-12-14T16:10:04.517Z"}}, {"model": "sessions.session", "pk": "nlxec8ob1hgw69wigtvfi48mzwnfb2ii", "fields": {"session_data": "eyJhcGlfc2Vzc2lvbiI6dHJ1ZX0:1tHQR4:j9VovAhHAo0HFMQb3CO-6tRrJskhy_mrfgaZI40kcvE", "expire_date": "2024-12-14T16:35:10.453Z"}}, {"model": "sessions.session", "pk": "nsdi2z5rsqdfryh4ex3j2jp2kn00mep9", "fields": {"session_data": "eyJhcGlfc2Vzc2lvbiI6dHJ1ZX0:1tHQzA:jS1h9UBnKuIUSpdxBbltZ_ik_2KmZpqFSiQDJTtpYxo", "expire_date": "2024-12-14T17:10:24.610Z"}}, {"model": "sessions.session", "pk": "oolgilaj5jh9whpr1yw2e4ozcq31htui", "fields": {"session_data": "eyJhcGlfc2Vzc2lvbiI6dHJ1ZX0:1tHNNv:wYwlLXfctFHgZc3C1sf-bQcseHKNZcP9gFLY3NC3-3U", "expire_date": "2024-12-14T13:19:43.974Z"}}, {"model": "sessions.session", "pk": "orkz1qtow73zbquk4cz93tfs2m6w9f2n", "fields": {"session_data": ".eJxVjEEOwiAQRe_C2pAOFMq4dN8zkBmgUjWQlHZlvLtt0oVu33v_v4Wnbc1-a2nxcxRXAeLyy5jCM5VDxAeVe5WhlnWZWR6JPG2TY43pdTvbv4NMLe_rBGboEQCHroNJI5PZwcTaOQALQIYUWcdBOUqB0Soy2KsIGp3GqMXnC7CINrI:1tIbCZ:-FTghKTys_5wqhmIeLnAVBYdUo9Jtmh0oZ1jVn8R4yc", "expire_date": "2024-12-17T22:17:03.589Z"}}, {"model": "sessions.session", "pk": "otybk8svmkikz7ue8hze3v61a7fcgpcf", "fields": {"session_data": "eyJhcGlfc2Vzc2lvbiI6dHJ1ZX0:1tHQwu:3ExN2WmsIrS42rX5hXGlr2lrUmDHfYMR-ZLViAQAoDw", "expire_date": "2024-12-14T17:08:04.197Z"}}, {"model": "sessions.session", "pk": "p7v88zgnmyvyxsf2xj999ooq86p6efwb", "fields": {"session_data": "eyJhcGlfc2Vzc2lvbiI6dHJ1ZX0:1tHMYo:G4HPb0RoVuu75LXsXzd1BfuE9MEcTJ4DwXSDp_Mnxtc", "expire_date": "2024-12-14T12:26:54.019Z"}}, {"model": "sessions.session", "pk": "pskkdx4be5vmlfvkntq6vbc898gw4w1t", "fields": {"session_data": "eyJhcGlfc2Vzc2lvbiI6dHJ1ZX0:1tHQKQ:k_JuPQdfE_PCGsF06ThDdwxStZopbnHrvVhu7wire-8", "expire_date": "2024-12-14T16:28:18.142Z"}}, {"model": "sessions.session", "pk": "qlh4invkzf7o2obinouc2m3zdki5epy8", "fields": {"session_data": "eyJhcGlfc2Vzc2lvbiI6dHJ1ZX0:1tHQux:U5_1i1kLQFrShAlKHl-E7O_hnojxaaGP-RzjMgb8Mcs", "expire_date": "2024-12-14T17:06:03.266Z"}}, {"model": "sessions.session", "pk": "r0f7agqd8vfhcuyr1qj3hdcz8o468d40", "fields": {"session_data": ".eJxVjEEOgyAQRe8y64Y4IAouu-8ZyABjpW3AiK6a3r2auHH73vv_CzQnV7nWVDIM67LxDRxt6-S2yotLEQZAuDBP4c35EPFF-VlEKHldkhdHIk5bxaNE_tzP9nIwUZ32NaPuW4to-6bBUVlPegejV8YgdoikSVJnfJCGOHjbSdK2lRGVNcpGBb8_q3I9uQ:1tHQyo:fomwsWApVYmUgYnYgqkEmRdIetlqI2O3KEan0aRKDxM", "expire_date": "2024-12-14T17:10:02.845Z"}}, {"model": "sessions.session", "pk": "r7adbflpsj5g6fu2vjvk9quvfsngh8up", "fields": {"session_data": "eyJhcGlfc2Vzc2lvbiI6dHJ1ZX0:1tHPmp:odpRZppbWowRhtLW7qG6vjM4GOKkNKcXSCAiZsWCv9s", "expire_date": "2024-12-14T15:53:35.905Z"}}, {"model": "sessions.session", "pk": "rjgu1xj19mq030ywjw2glpfkcz4ybbbh", "fields": {"session_data": "eyJhcGlfc2Vzc2lvbiI6dHJ1ZX0:1tHR4s:FXy1J8KjOS3Qs9PLQT8EANAuyp9K9wsYh-uwhafIEYU", "expire_date": "2024-12-14T17:16:18.799Z"}}, {"model": "sessions.session", "pk": "roqpwdtcl1m2q30vsqz9gikc84kdop5m", "fields": {"session_data": "eyJhcGlfc2Vzc2lvbiI6dHJ1ZX0:1tHNNA:7meHflkMtf_5IjrJLaWUnWsp_q36nLPFV40sW5lq8S0", "expire_date": "2024-12-14T13:18:56.509Z"}}, {"model": "sessions.session", "pk": "rw4eocnja57g9qz2a71sbz6paimibfrm", "fields": {"session_data": "eyJhcGlfc2Vzc2lvbiI6dHJ1ZX0:1tHNNA:7meHflkMtf_5IjrJLaWUnWsp_q36nLPFV40sW5lq8S0", "expire_date": "2024-12-14T13:18:56.485Z"}}, {"model": "sessions.session", "pk": "sayuvvi9y9k3h36jqwy3gb2vfbdpn9xd", "fields": {"session_data": ".eJxVjEEOwiAQRe_C2pAOFMq4dN8zkBmgUjWQlHZlvLtt0oVu33v_v4Wnbc1-a2nxcxRXAeLyy5jCM5VDxAeVe5WhlnWZWR6JPG2TY43pdTvbv4NMLe_rBGboEQCHroNJI5PZwcTaOQALQIYUWcdBOUqB0Soy2KsIGp3GqMXnC7CINrI:1tHRWz:9Lr4y0bMibFBCvvqOTg31AG6VLLhhtzEnWF0U-Iy00w", "expire_date": "2024-12-14T17:45:21.602Z"}}, {"model": "sessions.session", "pk": "sdfcsvgn8bkasuy6tno5u8ypk6jjmkov", "fields": {"session_data": "eyJhcGlfc2Vzc2lvbiI6dHJ1ZX0:1tHQx4:UF3JdbWdZBf8DLEvNMktxSIQhxI7mwnljbRzdMx5e4c", "expire_date": "2024-12-14T17:08:14.722Z"}}, {"model": "sessions.session", "pk": "thktap3gvqjbcpsibz845zhav8fw68y1", "fields": {"session_data": "eyJhcGlfc2Vzc2lvbiI6dHJ1ZX0:1tHMKj:C-Oqx0GyMH958zR4w12b6ZmldAK6RQmnxi6pw_FCpqA", "expire_date": "2024-12-14T12:12:21.548Z"}}, {"model": "sessions.session", "pk": "tvo54mqhulwv49grsk5lg1mydwwbtupi", "fields": {"session_data": "eyJhcGlfc2Vzc2lvbiI6dHJ1ZX0:1tHMUy:wi6HKJYKyGiC7vv4p38BkGFU0XNgyyChy3TdTCmDcKQ", "expire_date": "2024-12-14T12:22:56.851Z"}}, {"model": "sessions.session", "pk": "tz4pclt46lbjdx0cnroztgvwhsvoifn0", "fields": {"session_data": ".eJxVjEEOwiAQRe_C2pAOFMq4dN8zkBmgUjWQlHZlvLtt0oVu33v_v4Wnbc1-a2nxcxRXAeLyy5jCM5VDxAeVe5WhlnWZWR6JPG2TY43pdTvbv4NMLe_rBGboEQCHroNJI5PZwcTaOQALQIYUWcdBOUqB0Soy2KsIGp3GqMXnC7CINrI:1tHRXu:HnBf_npAV1GVw5V0aXegWjYJy1abX7sneMcq0ufAnWo", "expire_date": "2024-12-14T17:46:18.534Z"}}, {"model": "sessions.session", "pk": "u0v27fnk117e03golmqqvrzd6obqvtez", "fields": {"session_data": "eyJhcGlfc2Vzc2lvbiI6dHJ1ZX0:1tHNMp:XVC98M8hdXCrfxZuiureK2glSwE6NSHMJO2XKbvr9Mo", "expire_date": "2024-12-14T13:18:35.004Z"}}, {"model": "sessions.session", "pk": "uj6s700g235ejedv2tu7k1tw6vo7rzux", "fields": {"session_data": "eyJhcGlfc2Vzc2lvbiI6dHJ1ZX0:1tHQ8f:2MP42uL700JdCY9L3YmgKAE1kvdGaHO3GEXBaUvzKdI", "expire_date": "2024-12-14T16:16:09.008Z"}}, {"model": "sessions.session", "pk": "v5imtf3tushcwiugbc791h4t2nont372", "fields": {"session_data": ".eJxVjEEOwiAQRe_C2pAOFMq4dN8zkBmgUjWQlHZlvLtt0oVu33v_v4Wnbc1-a2nxcxRXAeLyy5jCM5VDxAeVe5WhlnWZWR6JPG2TY43pdTvbv4NMLe_rBGboEQCHroNJI5PZwcTaOQALQIYUWcdBOUqB0Soy2KsIGp3GqMXnC7CINrI:1tHRXO:yd7qljmcQM4abrbpWsGrBo-T4WWEi4ilfGFqviTKSFw", "expire_date": "2024-12-14T17:45:46.481Z"}}, {"model": "sessions.session", "pk": "v7qubp4ks0oxu1p8ce3ox22mh4qalrkr", "fields": {"session_data": "eyJhcGlfc2Vzc2lvbiI6dHJ1ZX0:1tHMUy:wi6HKJYKyGiC7vv4p38BkGFU0XNgyyChy3TdTCmDcKQ", "expire_date": "2024-12-14T12:22:56.868Z"}}, {"model": "sessions.session", "pk": "vxr8w1td1ve3oxenj6lnm5kvjl8d1jn9", "fields": {"session_data": "eyJhcGlfc2Vzc2lvbiI6dHJ1ZX0:1tHPue:-zfnsEBl48TomPfGRpGzaAcftGHnu2aRKKwrk3aPpEU", "expire_date": "2024-12-14T16:01:40.558Z"}}, {"model": "sessions.session", "pk": "vyvorkk5nxbdkbxtktfgc1neovoq3d8m", "fields": {"session_data": "eyJhcGlfc2Vzc2lvbiI6dHJ1ZX0:1tHNWp:OZP_qRSXYWszkXRaxIzdKNa--xJfLlJQCggzWr97oCY", "expire_date": "2024-12-14T13:28:55.444Z"}}, {"model": "sessions.session", "pk": "wgi3117qubbrxxgyjq7yi08e9c2e811r", "fields": {"session_data": "eyJhcGlfc2Vzc2lvbiI6dHJ1ZX0:1tHNNv:wYwlLXfctFHgZc3C1sf-bQcseHKNZcP9gFLY3NC3-3U", "expire_date": "2024-12-14T13:19:43.979Z"}}, {"model": "sessions.session", "pk": "wh53t5nn54752zyojrn0glfa2xa9hd7a", "fields": {"session_data": ".eJxVjEEOwiAQRe_C2pAOFMq4dN8zkBmgUjWQlHZlvLtt0oVu33v_v4Wnbc1-a2nxcxRXAeLyy5jCM5VDxAeVe5WhlnWZWR6JPG2TY43pdTvbv4NMLe_rBGboEQCHroNJI5PZwcTaOQALQIYUWcdBOUqB0Soy2KsIGp3GqMXnC7CINrI:1tIZCM:BUkPm-uaSxh4Cgprj5VHlS6dLf6wCHvh30iPdq-6CZA", "expire_date": "2024-12-17T20:08:42.152Z"}}, {"model": "sessions.session", "pk": "wsikload1jrf46mtocrabt0w11t8fld4", "fields": {"session_data": "eyJhcGlfc2Vzc2lvbiI6dHJ1ZX0:1tHMUI:rUz3QQY0cNYkdZTNEI9cGq-b-OowIuFZSe5Fr6vf_Fc", "expire_date": "2024-12-14T12:22:14.885Z"}}, {"model": "sessions.session", "pk": "wwwkk572nat1j89pxof15icnjb8o4aju", "fields": {"session_data": ".eJxVjEEOwiAQRe_C2pAOFMq4dN8zkBmgUjWQlHZlvLtt0oVu33v_v4Wnbc1-a2nxcxRXAeLyy5jCM5VDxAeVe5WhlnWZWR6JPG2TY43pdTvbv4NMLe_rBGboEQCHroNJI5PZwcTaOQALQIYUWcdBOUqB0Soy2KsIGp3GqMXnC7CINrI:1tIZiE:aIXNiJV8dUfo0OQnfGizpInENABBI4VTdSsxZ-abjp8", "expire_date": "2024-12-17T20:41:38.811Z"}}, {"model": "sessions.session", "pk": "wyrbu5wi2a603wo890k2xy8bp1cvit79", "fields": {"session_data": ".eJxVjEEOwiAQRe_C2pAOFMq4dN8zkBmgUjWQlHZlvLtt0oVu33v_v4Wnbc1-a2nxcxRXAeLyy5jCM5VDxAeVe5WhlnWZWR6JPG2TY43pdTvbv4NMLe_rBGboEQCHroNJI5PZwcTaOQALQIYUWcdBOUqB0Soy2KsIGp3GqMXnC7CINrI:1tHRWr:bapXvvOveWTtrYBo7F3NtLYpAA5i9bWOoQibbQb8MQA", "expire_date": "2024-12-14T17:45:13.430Z"}}, {"model": "sessions.session", "pk": "y36jejxhykeoi2fvyz8kspup4ojlrtn2", "fields": {"session_data": "eyJhcGlfc2Vzc2lvbiI6dHJ1ZX0:1tHMYn:_MKjEJMQafaevjve0V688VMtfmpxPsg45Zosjalh3i4", "expire_date": "2024-12-14T12:26:53.982Z"}}, {"model": "sessions.session", "pk": "y48tj6gdrgv1yn4fbwleo75wxivz2dh0", "fields": {"session_data": "eyJhcGlfc2Vzc2lvbiI6dHJ1ZX0:1tHQzG:EqHciivOhYr0oH0LfoxUHmDIumWQw6YwF4KcXQnW0Nk", "expire_date": "2024-12-14T17:10:30.856Z"}}, {"model": "sessions.session", "pk": "y4kju53c2glbjqv46uqe4qga27oiabg3", "fields": {"session_data": "eyJhcGlfc2Vzc2lvbiI6dHJ1ZX0:1tHR5f:zamVzaitdWrJPBGo_hnOm3q00MQ_9ZemO2To4EQeNOU", "expire_date": "2024-12-14T17:17:07.052Z"}}, {"model": "sessions.session", "pk": "yfonn93360a2xat7kmfif9lgfvr6n0ar", "fields": {"session_data": "eyJhcGlfc2Vzc2lvbiI6dHJ1ZX0:1tHNdK:2UfQ7X_vgzVt_CUdCt5sjPKG0Hv-nvlmdBDMxaSX9Eg", "expire_date": "2024-12-14T13:35:38.152Z"}}, {"model": "sessions.session", "pk": "zocsoef7grt6zuwdqesx0na5zk2u9phf", "fields": {"session_data": "eyJhcGlfc2Vzc2lvbiI6dHJ1ZX0:1tHMnE:mAdqEoXcI2934gb8Fiezvtwmpz2u5ruA-34qLMuOIBg", "expire_date": "2024-12-14T12:41:48.643Z"}}, {"model": "sessions.session", "pk": "zrvfet8kek6l8tk5vx1m2d9vgtjba4km", "fields": {"session_data": "eyJhcGlfc2Vzc2lvbiI6dHJ1ZX0:1tHNYD:1auyyUSDU8bwPovqbEhQu3lVfvEP-9wdpFXFPsZBoIo", "expire_date": "2024-12-14T13:30:21.910Z"}}, {"model": "sessions.session", "pk": "ztdh06l6t396ovv8ecl2egrcskqaxvc8", "fields": {"session_data": "eyJhcGlfc2Vzc2lvbiI6dHJ1ZX0:1tHNOr:z3zPFnMHLa6pKyA416ymm6aXykHzHh3g0nZZVZ2Ru14", "expire_date": "2024-12-14T13:20:41.484Z"}}, {"model": "student.sport", "pk": 1, "fields": {"name": "handball"}}, {"model": "student.sport", "pk": 2, "fields": {"name": "basketball"}}, {"model": "student.sport", "pk": 3, "fields": {"name": "football"}}, {"model": "student.filiere", "pk": 1, "fields": {"name": "ISIL"}}, {"model": "student.filiere", "pk": 2, "fields": {"name": "SIW"}}, {"model": "student.nationalite", "pk": 1, "fields": {"code_nationalite": "DZ", "name": "Algerie"}}, {"model": "student.student", "pk": 1, "fields": {"civilite": "Mademoiselle", "nom_prenom": "amina", "adresse": "a", "localite": "a", "no_postal": "a", "country": "Portugal", "student_image": "", "platform": "unix", "application": "Poo", "filiere": 1, "sports": []}}, {"model": "student.student", "pk": 2, "fields": {"civilite": "Mademoiselle", "nom_prenom": "ahlam", "adresse": "a", "localite": "a", "no_postal": "a", "country": "france", "student_image": "student_images/walpaper1.jpg", "platform": "macintoch", "application": "SGBD", "filiere": 2, "sports": [2]}}, {"model": "student.student", "pk": 3, "fields": {"civilite": "Mademoiselle", "nom_prenom": "Ilham", "adresse": "a", "localite": "a", "no_postal": "a", "country": "Tunisie", "student_image": "student_images/2024-08-17-194642-screenshot_VQz7bAb.png", "platform": "unix", "application": "Poo", "filiere": 2, "sports": [2]}}, {"model": "student.student", "pk": 4, "fields": {"civilite": "Monsieur", "nom_prenom": "Abderahman", "adresse": "a", "localite": "a", "no_postal": "a", "country": "Tunisie", "student_image": "student_images/2024-08-17-194642-screenshot_2J0B6S6.png", "platform": "unix", "application": "System", "filiere": 1, "sports": []}}, {"model": "student.student", "pk": 5, "fields": {"civilite": "Mademoiselle", "nom_prenom": "Selma", "adresse": "a", "localite": "a", "no_postal": "a", "country": "Tunisie", "student_image": "student_images/2024-08-17-194642-screenshot_4kOBMRJ.png", "platform": "unix", "application": "System", "filiere": 1, "sports": []}}, {"model": "student.student", "pk": 6, "fields": {"civilite": "Mademoiselle", "nom_prenom": "Nora", "adresse": "a", "localite": "a", "no_postal": "a", "country": "Tunisie", "student_image": "student_images/wallpaperflare.com_wallpaper4.jpg", "platform": "unix", "application": "System", "filiere": 1, "sports": []}}, {"model": "teacher_app.university", "pk": 1, "fields": {"name": "Djilli Liabess"}}, {"model": "teacher_app.teacher", "pk": 1, "fields": {"civilite": "Madame", "nom_prenom": "Amina", "adresse": "maghnia", "lieu_naissance": "a", "date_naissance": "2024-12-01", "pays": "Belgique", "grade": "MCB", "specialite": "Informatique", "email": "ambenaini@gmail.com", "university": []}}, {"model": "teacher_app.teacher", "pk": 2, "fields": {"civilite": "Monsieur", "nom_prenom": "Mohammed", "adresse": "maghnia", "lieu_naissance": "a", "date_naissance": "1970-05-19", "pays": "Belgique", "grade": "Professeur", "specialite": "Autres", "email": "benaini2021@gmail.com", "university": []}}, {"model": "teacher_app.teacher", "pk": 3, "fields": {"civilite": "Madame", "nom_prenom": "marwa", "adresse": "sba", "lieu_naissance": "sba", "date_naissance": "2024-12-01", "pays": "Belgique", "grade": "MCB", "specialite": "Informatique", "email": "liliamaroua245@gmail.com", "university": []}}, {"model": "teacher_app.teacher", "pk": 4, "fields": {"civilite": "Monsieur", "nom_prenom": "Monsieur", "adresse": "sba", "lieu_naissance": "tiaret", "date_naissance": "2024-11-12", "pays": "Allemagne", "grade": "Professeur", "specialite": "Informatique", "email": "inf3isil@gmail.com", "university": []}}, {"model": "module_app.module", "pk": 1, "fields": {"code_module": "1", "designation_module": "paw", "coefficient": 2.0, "volume_horaire": 12, "filiere": 1}}, {"model": "module_app.module", "pk": 2, "fields": {"code_module": "2", "designation_module": "sid", "coefficient": 4.0, "volume_horaire": 23, "filiere": 1}}, {"model": "module_app.module", "pk": 3, "fields": {"code_module": "3", "designation_module": "sad", "coefficient": 2.0, "volume_horaire": 12, "filiere": 1}}, {"model": "module_app.module", "pk": 4, "fields": {"code_module": "8", "designation_module": "colisterol", "coefficient": 2.0, "volume_horaire": 12, "filiere": 2}}, {"model": "module_app.module", "pk": 5, "fields": {"code_module": "Al", "designation_module": "triglicid", "coefficient": 4.0, "volume_horaire": 32, "filiere": 2}}, {"model": "module_app.module", "pk": 6, "fields": {"code_module": "bd", "designation_module": "feritine", "coefficient": 5.0, "volume_horaire": 15, "filiere": 2}}, {"model": "module_app.module", "pk": 7, "fields": {"code_module": "gl", "designation_module": "vitamin d", "coefficient": 4.0, "volume_horaire": 17, "filiere": 2}}, {"model": "module_app.module", "pk": 8, "fields": {"code_module": "ML", "designation_module": "Machine learning", "coefficient": 5.0, "volume_horaire": 34, "filiere": 1}}, {"model": "notes.note", "pk": 2, "fields": {"student": 1, "module": 1, "note": 10.0}}, {"model": "notes.note", "pk": 3, "fields": {"student": 1, "module": 2, "note": 12.0}}, {"model": "notes.note", "pk": 4, "fields": {"student": 1, "module": 3, "note": 15.0}}, {"model": "notes.note", "pk": 5, "fields": {"student": 2, "module": 4, "note": 9.0}}, {"model": "notes.note", "pk": 6, "fields": {"student": 2, "module": 5, "note": 10.0}}, {"model": "notes.note", "pk": 7, "fields": {"student": 2, "module": 6, "note": 13.0}}, {"model": "notes.note", "pk": 8, "fields": {"student": 2, "module": 7, "note": 8.0}}, {"model": "notes.note", "pk": 9, "fields": {"student": 1, "module": 8, "note": 15.0}}, {"model": "notes.note", "pk": 10, "fields": {"student": 3, "module": 4, "note": 6.0}}, {"model": "notes.note", "pk": 11, "fields": {"student": 3, "module": 5, "note": 9.0}}, {"model": "notes.note", "pk": 12, "fields": {"student": 3, "module": 6, "note": 13.0}}, {"model": "notes.note", "pk": 13, "fields": {"student": 3, "module": 7, "note": 15.0}}, {"model": "notes.note", "pk": 14, "fields": {"student": 4, "module": 1, "note": 15.0}}, {"model": "notes.note", "pk": 15, "fields": {"student": 4, "module": 2, "note": 12.0}}, {"model": "notes.note", "pk": 16, "fields": {"student": 4, "module": 3, "note": 10.0}}, {"model": "notes.note", "pk": 17, "fields": {"student": 4, "module": 8, "note": 13.0}}, {"model": "notes.note", "pk": 18, "fields": {"student": 5, "module": 1, "note": 15.0}}, {"model": "notes.note", "pk": 19, "fields": {"student": 5, "module": 2, "note": 10.0}}, {"model": "notes.note", "pk": 20, "fields": {"student": 5, "module": 3, "note": 12.0}}, {"model": "notes.note", "pk": 21, "fields": {"student": 5, "module": 8, "note": 8.0}}, {"model": "notes.note", "pk": 22, "fields": {"student": 6, "module": 1, "note": 16.0}}, {"model": "notes.note", "pk": 23, "fields": {"student": 6, "module": 2, "note": 13.0}}, {"model": "notes.note", "pk": 24, "fields": {"student": 6, "module": 3, "note": 15.0}}, {"model": "notes.note", "pk": 25, "fields": {"student": 6, "module": 8, "note": 12.0}}, {"model": "notes.note", "pk": 26, "fields": {"student": 2, "module": 6, "note": 1.0}}, {"model": "user.customuser", "pk": 1, "fields": {"password": "pbkdf2_sha256$870000$azTwJveuA38oPJQozLppli$fYZN3ukIFPoIwdvfsC2i5Mm4+dBUfarPAyri2U0HE0k=", "last_login": "2024-12-03T22:24:17.299Z", "is_superuser": true, "first_name": "", "last_name": "", "is_staff": true, "is_active": true, "date_joined": "2024-11-30T08:19:15Z", "username": "123", "email": "ambenaini@gmail.com", "role": "Admin", "groups": [], "user_permissions": []}}, {"model": "user.customuser", "pk": 2, "fields": {"password": "pbkdf2_sha256$870000$hAmGuIowzWs7ObtGkXBFyv$VIvpJ2aN9H1b7l7tAPeEea0ya+/VHkfTm29+25jSCzc=", "last_login": "2024-11-30T12:10:12.454Z", "is_superuser": false, "first_name": "", "last_name": "", "is_staff": false, "is_active": true, "date_joined": "2024-11-30T08:20:26.999Z", "username": "", "email": "newuser@example.com", "role": "User", "groups": [], "user_permissions": []}}, {"model": "user.customuser", "pk": 3, "fields": {"password": "pbkdf2_sha256$870000$wyN5ykN4N3erxmQW5gBTUy$W4M9aKCrvRoeUz1DxcCIj52mSkJwRvRy5G/yh+BNgCE=", "last_login": null, "is_superuser": false, "first_name": "", "last_name": "", "is_staff": false, "is_active": true, "date_joined": "2024-11-30T09:50:41.668Z", "username": null, "email": "editeduser33@example.com", "role": "User", "groups": [], "user_permissions": []}}, {"model": "user.customuser", "pk": 8, "fields": {"password": "pbkdf2_sha256$870000$GT8APb4IaYJIvPFlkEKhZl$RQ5UXECf5omuZecX0OuJcJlhDyVMNrTOwp767lVZVBQ=", "last_login": "2024-11-30T12:01:38.192Z", "is_superuser": false, "first_name": "", "last_name": "", "is_staff": false, "is_active": true, "date_joined": "2024-11-30T10:39:25.684Z", "username": null, "email": "newadmin@gmail.com", "role": "Admin", "groups": [], "user_permissions": []}}, {"model": "user.customuser", "pk": 9, "fields": {"password": "pbkdf2_sha256$870000$KBFqTMewxlxxG0N8zXLCCl$7bG7sclXnFMqARg/ldIQEssQnFiLipJun6guMkNeat8=", "last_login": "2024-12-03T18:05:23.917Z", "is_superuser": false, "first_name": "", "last_name": "", "is_staff": false, "is_active": true, "date_joined": "2024-11-30T12:13:42.546Z", "username": null, "email": "ahlam@gmail.com", "role": "User", "groups": [], "user_permissions": []}}, {"model": "user.customuser", "pk": 10, "fields": {"password": "pbkdf2_sha256$870000$mDDMDbBfgBTWmzphXOFFVM$rJ3Z+uVuParX34TxcitVWNBWOq7qY76n3NZKN8FOE2I=", "last_login": null, "is_superuser": false, "first_name": "", "last_name": "", "is_staff": false, "is_active": true, "date_joined": "2024-11-30T12:22:50.397Z", "username": null, "email": "ahlam2@gmail.com", "role": "User", "groups": [], "user_permissions": []}}, {"model": "user.customuser", "pk": 11, "fields": {"password": "pbkdf2_sha256$870000$2jyGUS3TGvrvH8NuMr38wI$mSCPxTVLAXots0YwmDXiJoK+eG1eSIRpoy2sGhJPaXM=", "last_login": null, "is_superuser": false, "first_name": "", "last_name": "", "is_staff": false, "is_active": true, "date_joined": "2024-11-30T13:43:52.406Z", "username": null, "email": "newuser8@gmail.com", "role": "User", "groups": [], "user_permissions": []}}, {"model": "user.customuser", "pk": 12, "fields": {"password": "pbkdf2_sha256$870000$2NrCRF7ghdE2FsHxF2Lgod$xrPk0KjjM1xxCSN7dr3Xq08IuH7Jc8iEeYhf3pdGud8=", "last_login": null, "is_superuser": false, "first_name": "", "last_name": "", "is_staff": false, "is_active": true, "date_joined": "2024-11-30T16:26:27.596Z", "username": null, "email": "newuser9@gmail.com", "role": "User", "groups": [], "user_permissions": []}}, {"model": "user.customuser", "pk": 13, "fields": {"password": "pbkdf2_sha256$870000$nGuFljGzLJTHYFtt8NLD7H$l15pBWzLzSKDOMGlTbn99LkQjdJ3uQjyWnsNkHvjVTA=", "last_login": null, "is_superuser": false, "first_name": "", "last_name": "", "is_staff": false, "is_active": true, "date_joined": "2024-11-30T17:09:59.936Z", "username": null, "email": "newuser10@example.com", "role": "User", "groups": [], "user_permissions": []}}]